﻿[
  {
    "title": "Рейтинги Кинопоиска.RU",
    "parentid": "0",
    "id": "9999"
  },
  {
    "title": "<< Назад",
    "parentid": "9999",
    "id": "6666"
  },
  {
    "title": "Лучшие фильмы КиноПоиска",
    "parentid": "9999",
    "id": "1"
  },
  {
    "title": "<< Назад",
    "parentid": "1",
    "id": "6666"
  },
  {
    "title": "Фильмы про вампиров",
    "parentid": "1",
    "id": "294"
  },
  {
    "title": "Фильмы про любовь",
    "parentid": "1",
    "id": "295"
  },
  {
    "title": "Фильмы про зомби",
    "parentid": "1",
    "id": "296"
  },
  {
    "title": "Фильмы про космос",
    "parentid": "1",
    "id": "297"
  },
  {
    "title": "Фильмы про подростков",
    "parentid": "1",
    "id": "298"
  },
  {
    "title": "Фильмы-катастрофы",
    "parentid": "1",
    "id": "299"
  },
  {
    "title": "Фильмы про акул",
    "parentid": "1",
    "id": "300"
  },
  {
    "title": "Фильмы про школу",
    "parentid": "1",
    "id": "301"
  },
  {
    "title": "Фильмы про танцы",
    "parentid": "1",
    "id": "302"
  },
  {
    "title": "Советские комедии",
    "parentid": "1",
    "id": "303"
  },
  {
    "title": "Детективные сериалы",
    "parentid": "1",
    "id": "304"
  },
  {
    "title": "Фантастические боевики",
    "parentid": "1",
    "id": "305"
  },
  {
    "title": "Французские комедии",
    "parentid": "1",
    "id": "306"
  },
  {
    "title": "Семейные комедии",
    "parentid": "1",
    "id": "307"
  },
  {
    "title": "Мультфильмы для самых маленьких ",
    "parentid": "1",
    "id": "309"
  },
  {
    "title": "Комедийные боевики",
    "parentid": "1",
    "id": "310"
  },
  {
    "title": "Индийские фильмы",
    "parentid": "1",
    "id": "311"
  },
  {
    "title": "Романтические комедии",
    "parentid": "1",
    "id": "312"
  },
  {
    "title": "Русские мелодрамы",
    "parentid": "1",
    "id": "313"
  },
  {
    "title": "Русские сериалы",
    "parentid": "1",
    "id": "314"
  },
  {
    "title": "Русские комедии",
    "parentid": "1",
    "id": "315"
  },
  {
    "title": "Лучшие фильмы для детей",
    "parentid": "1",
    "id": "318"
  },
  {
    "title": "Любимые фильмы пользователей КиноПоиска",
    "parentid": "1",
    "id": "256"
  },
  {
    "title": "Фильмы, входящие в наибольшее число списков",
    "parentid": "1",
    "id": "223"
  },
  {
    "title": "Самые оцениваемые фильмы",
    "parentid": "1",
    "id": "186"
  },
  {
    "title": "Самые рецензируемые фильмы",
    "parentid": "1",
    "id": "218"
  },
  {
    "title": "Фильмы с лучшим рейтингом рецензий",
    "parentid": "1",
    "id": "217"
  },
  {
    "title": "Самые ожидаемые фильмы",
    "parentid": "1",
    "id": "220"
  },
  {
    "title": "Лучшие фильмы в формате 3D",
    "parentid": "1",
    "id": "189"
  },
  {
    "title": "Недавние премьеры",
    "parentid": "1",
    "id": "222"
  },
  {
    "title": "Лучшие сериалы",
    "parentid": "1",
    "id": "45"
  },
  {
    "title": "Лучшие сериалы мини-формата",
    "parentid": "1",
    "id": "35"
  },
  {
    "title": "Лучшие азиатские сериалы",
    "parentid": "1",
    "id": "281"
  },
  {
    "title": "Любимые сериалы пользователей КиноПоиска",
    "parentid": "1",
    "id": "257"
  },
  {
    "title": "Аниме",
    "parentid": "1",
    "id": "240"
  },
  {
    "title": "Аниме-сериалы",
    "parentid": "1",
    "id": "241"
  },
  {
    "title": "Биография",
    "parentid": "1",
    "id": "199"
  },
  {
    "title": "Вестерны",
    "parentid": "1",
    "id": "200"
  },
  {
    "title": "Военные",
    "parentid": "1",
    "id": "201"
  },
  {
    "title": "Детективы",
    "parentid": "1",
    "id": "202"
  },
  {
    "title": "Документальные",
    "parentid": "1",
    "id": "11"
  },
  {
    "title": "Драмы",
    "parentid": "1",
    "id": "15"
  },
  {
    "title": "История",
    "parentid": "1",
    "id": "203"
  },
  {
    "title": "Криминал",
    "parentid": "1",
    "id": "204"
  },
  {
    "title": "Мультфильмы",
    "parentid": "1",
    "id": "13"
  },
  {
    "title": "Мультфильмы (короткометражки)",
    "parentid": "1",
    "id": "10"
  },
  {
    "title": "Мюзикл",
    "parentid": "1",
    "id": "205"
  },
  {
    "title": "Приключения",
    "parentid": "1",
    "id": "206"
  },
  {
    "title": "Семейные",
    "parentid": "1",
    "id": "207"
  },
  {
    "title": "Спорт",
    "parentid": "1",
    "id": "208"
  },
  {
    "title": "Триллеры",
    "parentid": "1",
    "id": "9"
  },
  {
    "title": "Фэнтези",
    "parentid": "1",
    "id": "209"
  },
  {
    "title": "Любимые фильмы мужчин",
    "parentid": "1",
    "id": "46"
  },
  {
    "title": "Любимые фильмы женщин",
    "parentid": "1",
    "id": "47"
  },
  {
    "title": "Австралия",
    "parentid": "1",
    "id": "154"
  },
  {
    "title": "Великобритания",
    "parentid": "1",
    "id": "144"
  },
  {
    "title": "Германия",
    "parentid": "1",
    "id": "145"
  },
  {
    "title": "Германия (ФРГ)",
    "parentid": "1",
    "id": "152"
  },
  {
    "title": "Гонконг",
    "parentid": "1",
    "id": "156"
  },
  {
    "title": "Испания",
    "parentid": "1",
    "id": "150"
  },
  {
    "title": "Италия",
    "parentid": "1",
    "id": "147"
  },
  {
    "title": "Канада",
    "parentid": "1",
    "id": "148"
  },
  {
    "title": "Россия",
    "parentid": "1",
    "id": "161"
  },
  {
    "title": "Россия + СССР",
    "parentid": "1",
    "id": "44"
  },
  {
    "title": "СССР",
    "parentid": "1",
    "id": "153"
  },
  {
    "title": "США",
    "parentid": "1",
    "id": "162"
  },
  {
    "title": "Франция",
    "parentid": "1",
    "id": "143"
  },
  {
    "title": "Япония",
    "parentid": "1",
    "id": "149"
  },
  {
    "title": "Лучшие фильмы о Великой Отечественной войне",
    "parentid": "1",
    "id": "97"
  },
  {
    "title": "Лучшие фильмы, основанные на комиксах",
    "parentid": "1",
    "id": "232"
  },
  {
    "title": "Лучшие фильмы про конец света",
    "parentid": "1",
    "id": "81"
  },
  {
    "title": "Лучшие отечественные новогодние фильмы",
    "parentid": "1",
    "id": "224"
  },
  {
    "title": "Лучшие иностранные новогодние фильмы",
    "parentid": "1",
    "id": "225"
  },
  {
    "title": "Лучшие новогодние мультфильмы",
    "parentid": "1",
    "id": "226"
  },
  {
    "title": "Списки с направлениями кино",
    "parentid": "9999",
    "id": "8"
  },
  {
    "title": "<< Назад",
    "parentid": "8",
    "id": "6666"
  },
  {
    "title": "Берлинская школа",
    "parentid": "8",
    "id": "325"
  },
  {
    "title": "Британская новая волна",
    "parentid": "8",
    "id": "326"
  },
  {
    "title": "Догма 95",
    "parentid": "8",
    "id": "327"
  },
  {
    "title": "Иранская вторая волна",
    "parentid": "8",
    "id": "328"
  },
  {
    "title": "Итальянский неореализм",
    "parentid": "8",
    "id": "329"
  },
  {
    "title": "Кино морального беспокойства",
    "parentid": "8",
    "id": "330"
  },
  {
    "title": "Китайское пятое поколение",
    "parentid": "8",
    "id": "331"
  },
  {
    "title": "Мамблкор",
    "parentid": "8",
    "id": "332"
  },
  {
    "title": "Немецкий экспрессионизм",
    "parentid": "8",
    "id": "333"
  },
  {
    "title": "Новое немецкое кино",
    "parentid": "8",
    "id": "334"
  },
  {
    "title": "Новое румынское кино",
    "parentid": "8",
    "id": "335"
  },
  {
    "title": "Новый Голливуд",
    "parentid": "8",
    "id": "336"
  },
  {
    "title": "Польская школа",
    "parentid": "8",
    "id": "337"
  },
  {
    "title": "Тайваньская новая волна",
    "parentid": "8",
    "id": "338"
  },
  {
    "title": "Французская новая волна",
    "parentid": "8",
    "id": "339"
  },
  {
    "title": "Французский киноимпрессионизм",
    "parentid": "8",
    "id": "340"
  },
  {
    "title": "Французский поэтический реализм",
    "parentid": "8",
    "id": "341"
  },
  {
    "title": "Французское новое трансгрессивное кино",
    "parentid": "8",
    "id": "342"
  },
  {
    "title": "Чехословацкая новая волна",
    "parentid": "8",
    "id": "343"
  },
  {
    "title": "Югославская чёрная волна",
    "parentid": "8",
    "id": "344"
  },
  {
    "title": "Японская новая волна",
    "parentid": "8",
    "id": "345"
  },
  {
    "title": "Cinema du look",
    "parentid": "8",
    "id": "346"
  },
  {
    "title": "Агитпропфильм",
    "parentid": "8",
    "id": "347"
  },
  {
    "title": "Первая оттепель",
    "parentid": "8",
    "id": "348"
  },
  {
    "title": "Оборонные фильмы",
    "parentid": "8",
    "id": "349"
  },
  {
    "title": "Малокартинье",
    "parentid": "8",
    "id": "350"
  },
  {
    "title": "Оттепель",
    "parentid": "8",
    "id": "351"
  },
  {
    "title": "Кино морального беспокойства СССР",
    "parentid": "8",
    "id": "352"
  },
  {
    "title": "Корейская волна",
    "parentid": "8",
    "id": "353"
  },
  {
    "title": "Фильмы для онлайн-просмотра",
    "parentid": "9999",
    "id": "7"
  },
  {
    "title": "<< Назад",
    "parentid": "7",
    "id": "6666"
  },
  {
    "title": "Все фильмы",
    "parentid": "7",
    "id": "322"
  },
  {
    "title": "По подписке Яндекс.Плюс",
    "parentid": "7",
    "id": "323"
  },
  {
    "title": "По подписке Кинопоиск",
    "parentid": "7",
    "id": "356"
  },
  {
    "title": "По подписке Кинопоиск + Амедиатека",
    "parentid": "7",
    "id": "357"
  },
  {
    "title": "По подписке Яндекс.Плюс (Беларусь)",
    "parentid": "7",
    "id": "358"
  },
  {
    "title": "Годы и десятилетия",
    "parentid": "9999",
    "id": "6"
  },
  {
    "title": "<< Назад",
    "parentid": "6",
    "id": "6666"
  },
  {
    "title": "2010-е",
    "parentid": "6",
    "id": "142"
  },
  {
    "title": "2000-е",
    "parentid": "6",
    "id": "12"
  },
  {
    "title": "1990-е",
    "parentid": "6",
    "id": "14"
  },
  {
    "title": "1980-е",
    "parentid": "6",
    "id": "16"
  },
  {
    "title": "1970-е",
    "parentid": "6",
    "id": "48"
  },
  {
    "title": "1960-е",
    "parentid": "6",
    "id": "49"
  },
  {
    "title": "Самые популярные страницы фильмов 2018",
    "parentid": "6",
    "id": "355"
  },
  {
    "title": "Самые популярные страницы фильмов 2017",
    "parentid": "6",
    "id": "319"
  },
  {
    "title": "Самые популярные страницы фильмов 2016",
    "parentid": "6",
    "id": "316"
  },
  {
    "title": "Самые популярные страницы фильмов 2015",
    "parentid": "6",
    "id": "292"
  },
  {
    "title": "Самые популярные страницы фильмов 2014",
    "parentid": "6",
    "id": "283"
  },
  {
    "title": "Самые популярные страницы фильмов 2013",
    "parentid": "6",
    "id": "262"
  },
  {
    "title": "Самые популярные страницы фильмов 2012",
    "parentid": "6",
    "id": "234"
  },
  {
    "title": "Самые популярные страницы фильмов 2011",
    "parentid": "6",
    "id": "235"
  },
  {
    "title": "Самые популярные страницы фильмов 2010",
    "parentid": "6",
    "id": "236"
  },
  {
    "title": "Самые популярные страницы фильмов 2009",
    "parentid": "6",
    "id": "237"
  },
  {
    "title": "2018",
    "parentid": "6",
    "id": "320"
  },
  {
    "title": "2017",
    "parentid": "6",
    "id": "317"
  },
  {
    "title": "2016",
    "parentid": "6",
    "id": "289"
  },
  {
    "title": "2015",
    "parentid": "6",
    "id": "282"
  },
  {
    "title": "2014",
    "parentid": "6",
    "id": "261"
  },
  {
    "title": "2013",
    "parentid": "6",
    "id": "230"
  },
  {
    "title": "2012",
    "parentid": "6",
    "id": "227"
  },
  {
    "title": "2011",
    "parentid": "6",
    "id": "141"
  },
  {
    "title": "2010",
    "parentid": "6",
    "id": "140"
  },
  {
    "title": "2009",
    "parentid": "6",
    "id": "139"
  },
  {
    "title": "2008",
    "parentid": "6",
    "id": "138"
  },
  {
    "title": "2007",
    "parentid": "6",
    "id": "137"
  },
  {
    "title": "2006",
    "parentid": "6",
    "id": "136"
  },
  {
    "title": "2005",
    "parentid": "6",
    "id": "135"
  },
  {
    "title": "2004",
    "parentid": "6",
    "id": "134"
  },
  {
    "title": "2003",
    "parentid": "6",
    "id": "133"
  },
  {
    "title": "2002",
    "parentid": "6",
    "id": "132"
  },
  {
    "title": "2001",
    "parentid": "6",
    "id": "131"
  },
  {
    "title": "2000",
    "parentid": "6",
    "id": "130"
  },
  {
    "title": "1999",
    "parentid": "6",
    "id": "129"
  },
  {
    "title": "1998",
    "parentid": "6",
    "id": "128"
  },
  {
    "title": "1997",
    "parentid": "6",
    "id": "127"
  },
  {
    "title": "1996",
    "parentid": "6",
    "id": "126"
  },
  {
    "title": "1995",
    "parentid": "6",
    "id": "125"
  },
  {
    "title": "1994",
    "parentid": "6",
    "id": "124"
  },
  {
    "title": "1993",
    "parentid": "6",
    "id": "123"
  },
  {
    "title": "1992",
    "parentid": "6",
    "id": "122"
  },
  {
    "title": "1991",
    "parentid": "6",
    "id": "121"
  },
  {
    "title": "1990",
    "parentid": "6",
    "id": "120"
  },
  {
    "title": "1989",
    "parentid": "6",
    "id": "119"
  },
  {
    "title": "1988",
    "parentid": "6",
    "id": "118"
  },
  {
    "title": "1987",
    "parentid": "6",
    "id": "117"
  },
  {
    "title": "1986",
    "parentid": "6",
    "id": "116"
  },
  {
    "title": "1985",
    "parentid": "6",
    "id": "115"
  },
  {
    "title": "1984",
    "parentid": "6",
    "id": "114"
  },
  {
    "title": "1983",
    "parentid": "6",
    "id": "113"
  },
  {
    "title": "1982",
    "parentid": "6",
    "id": "112"
  },
  {
    "title": "1981",
    "parentid": "6",
    "id": "111"
  },
  {
    "title": "1980",
    "parentid": "6",
    "id": "110"
  },
  {
    "title": "1979",
    "parentid": "6",
    "id": "109"
  },
  {
    "title": "1978",
    "parentid": "6",
    "id": "108"
  },
  {
    "title": "1977",
    "parentid": "6",
    "id": "107"
  },
  {
    "title": "1976",
    "parentid": "6",
    "id": "106"
  },
  {
    "title": "1975",
    "parentid": "6",
    "id": "105"
  },
  {
    "title": "1974",
    "parentid": "6",
    "id": "104"
  },
  {
    "title": "1973",
    "parentid": "6",
    "id": "103"
  },
  {
    "title": "1972",
    "parentid": "6",
    "id": "102"
  },
  {
    "title": "1971",
    "parentid": "6",
    "id": "101"
  },
  {
    "title": "1970",
    "parentid": "6",
    "id": "96"
  },
  {
    "title": "2019",
    "parentid": "6",
    "id": "354"
  },
  {
    "title": "2020",
    "parentid": "6",
    "id": "359"
  },
  {
    "title": "Кассовые рекорды",
    "parentid": "9999",
    "id": "3"
  },
  {
    "title": "<< Назад",
    "parentid": "3",
    "id": "6666"
  },
  {
    "title": "США: Самые кассовые фильмы",
    "parentid": "3",
    "id": "50"
  },
  {
    "title": "США: Самые кассовые фильмы в первый уик-энд проката",
    "parentid": "3",
    "id": "53"
  },
  {
    "title": "США: Самые кассовые фильмы в первый день проката",
    "parentid": "3",
    "id": "55"
  },
  {
    "title": "Россия: Самые кассовые фильмы",
    "parentid": "3",
    "id": "54"
  },
  {
    "title": "Россия: Самые кассовые фильмы в первый уик-энд проката",
    "parentid": "3",
    "id": "190"
  },
  {
    "title": "Мир: Самые кассовые фильмы",
    "parentid": "3",
    "id": "52"
  },
  {
    "title": "Мир+США: Самые кассовые фильмы",
    "parentid": "3",
    "id": "51"
  },
  {
    "title": "США: Самые кассовые фильмы (с учётом инфляции)",
    "parentid": "3",
    "id": "23"
  },
  {
    "title": "Самые прибыльные фильмы",
    "parentid": "3",
    "id": "56"
  },
  {
    "title": "Самые дорогие фильмы",
    "parentid": "3",
    "id": "57"
  },
  {
    "title": "СССР: Самые кассовые фильмы",
    "parentid": "3",
    "id": "184"
  },
  {
    "title": "Награды и кинофестивали",
    "parentid": "9999",
    "id": "2"
  },
  {
    "title": "<< Назад",
    "parentid": "2",
    "id": "6666"
  },
  {
    "title": "Лауреаты «Оскара» за лучший фильм",
    "parentid": "2",
    "id": "17"
  },
  {
    "title": "Номинанты «Оскара» за лучший фильм",
    "parentid": "2",
    "id": "168"
  },
  {
    "title": "Лауреаты «Оскара» за лучшую режиссуру",
    "parentid": "2",
    "id": "169"
  },
  {
    "title": "Лауреаты «Оскара» за лучший оригинальный сценарий",
    "parentid": "2",
    "id": "170"
  },
  {
    "title": "Лауреаты «Оскара» за лучший адаптированный сценарий",
    "parentid": "2",
    "id": "171"
  },
  {
    "title": "Лауреаты «Оскара» за лучшую операторскую работу",
    "parentid": "2",
    "id": "172"
  },
  {
    "title": "Лауреаты «Оскара» за лучший фильм на иностранном языке",
    "parentid": "2",
    "id": "18"
  },
  {
    "title": "Лауреаты «Оскара» за лучший анимационный фильм",
    "parentid": "2",
    "id": "173"
  },
  {
    "title": "Лауреаты «Оскара» за лучший документальный фильм",
    "parentid": "2",
    "id": "174"
  },
  {
    "title": "Лауреаты «Оскара» за лучший короткометражный фильм",
    "parentid": "2",
    "id": "258"
  },
  {
    "title": "Лауреаты «Оскара» за лучший короткометражный мультфильм",
    "parentid": "2",
    "id": "270"
  },
  {
    "title": "Лауреаты «Оскара» за лучшие визуальные эффекты",
    "parentid": "2",
    "id": "175"
  },
  {
    "title": "Лауреаты «Оскара» за лучшую музыку",
    "parentid": "2",
    "id": "252"
  },
  {
    "title": "Лауреаты «Золотого глобуса» за лучший драматический фильм",
    "parentid": "2",
    "id": "164"
  },
  {
    "title": "Лауреаты «Золотого глобуса» за лучший фильм (комедия или мюзикл)",
    "parentid": "2",
    "id": "165"
  },
  {
    "title": "Лауреаты премии BAFTA за лучший фильм",
    "parentid": "2",
    "id": "167"
  },
  {
    "title": "Лауреаты премии «Сезар» за лучший фильм",
    "parentid": "2",
    "id": "166"
  },
  {
    "title": "Лауреаты премии «Гойя» за лучший фильм",
    "parentid": "2",
    "id": "191"
  },
  {
    "title": "Лауреаты премии «Сатурн»",
    "parentid": "2",
    "id": "192"
  },
  {
    "title": "Лауреаты «Золотой пальмовой ветви» Каннского кинофестиваля",
    "parentid": "2",
    "id": "20"
  },
  {
    "title": "Лауреаты «Золотого медведя» Берлинского кинофестиваля",
    "parentid": "2",
    "id": "19"
  },
  {
    "title": "Лауреаты «Золотого льва» Венецианского кинофестиваля",
    "parentid": "2",
    "id": "22"
  },
  {
    "title": "Лауреаты премии Европейской киноакадемии за лучший фильм",
    "parentid": "2",
    "id": "255"
  },
  {
    "title": "Лауреаты «Золотого Святого Георгия» ММКФ",
    "parentid": "2",
    "id": "193"
  },
  {
    "title": "Лауреаты «Хрустального глобуса» Международного кинофестиваля в Карловых Варах",
    "parentid": "2",
    "id": "194"
  },
  {
    "title": "Лауреаты «Золотой раковины» кинофестиваля в Сан-Себастьяне",
    "parentid": "2",
    "id": "195"
  },
  {
    "title": "Лауреаты «Золотого леопарда» кинофестиваля в Локарно",
    "parentid": "2",
    "id": "221"
  },
  {
    "title": "Лауреаты «Гран-При» кинофестиваля Санденс",
    "parentid": "2",
    "id": "21"
  },
  {
    "title": "Лауреаты премии «Белый слон»",
    "parentid": "2",
    "id": "229"
  },
  {
    "title": "Лауреаты премии «Эмми»",
    "parentid": "2",
    "id": "99"
  },
  {
    "title": "Лучшие фильмы IMDb",
    "parentid": "9999",
    "id": "5"
  },
  {
    "title": "<< Назад",
    "parentid": "5",
    "id": "6666"
  },
  {
    "title": "Топ-250",
    "parentid": "5",
    "id": "58"
  },
  {
    "title": "Лучшие сериалы",
    "parentid": "5",
    "id": "253"
  },
  {
    "title": "Лучшие сериалы мини-формата",
    "parentid": "5",
    "id": "254"
  },
  {
    "title": "Биография",
    "parentid": "5",
    "id": "62"
  },
  {
    "title": "Боевики",
    "parentid": "5",
    "id": "59"
  },
  {
    "title": "Вестерны",
    "parentid": "5",
    "id": "83"
  },
  {
    "title": "Военные",
    "parentid": "5",
    "id": "82"
  },
  {
    "title": "Детективы",
    "parentid": "5",
    "id": "75"
  },
  {
    "title": "Документальные",
    "parentid": "5",
    "id": "65"
  },
  {
    "title": "Драмы",
    "parentid": "5",
    "id": "66"
  },
  {
    "title": "История",
    "parentid": "5",
    "id": "70"
  },
  {
    "title": "Комедии",
    "parentid": "5",
    "id": "63"
  },
  {
    "title": "Короткометражки",
    "parentid": "5",
    "id": "78"
  },
  {
    "title": "Криминал",
    "parentid": "5",
    "id": "64"
  },
  {
    "title": "Мелодрамы",
    "parentid": "5",
    "id": "76"
  },
  {
    "title": "Музыка",
    "parentid": "5",
    "id": "73"
  },
  {
    "title": "Мультфильмы",
    "parentid": "5",
    "id": "61"
  },
  {
    "title": "Мюзикл",
    "parentid": "5",
    "id": "74"
  },
  {
    "title": "Приключения",
    "parentid": "5",
    "id": "60"
  },
  {
    "title": "Семейные",
    "parentid": "5",
    "id": "67"
  },
  {
    "title": "Спорт",
    "parentid": "5",
    "id": "79"
  },
  {
    "title": "Триллеры",
    "parentid": "5",
    "id": "80"
  },
  {
    "title": "Ужасы",
    "parentid": "5",
    "id": "71"
  },
  {
    "title": "Фантастика",
    "parentid": "5",
    "id": "77"
  },
  {
    "title": "Фильм-нуар",
    "parentid": "5",
    "id": "69"
  },
  {
    "title": "Фэнтези",
    "parentid": "5",
    "id": "68"
  },
  {
    "title": "2010-е",
    "parentid": "5",
    "id": "176"
  },
  {
    "title": "2000-е",
    "parentid": "5",
    "id": "93"
  },
  {
    "title": "1990-е",
    "parentid": "5",
    "id": "92"
  },
  {
    "title": "1980-е",
    "parentid": "5",
    "id": "91"
  },
  {
    "title": "1970-е",
    "parentid": "5",
    "id": "90"
  },
  {
    "title": "1960-е",
    "parentid": "5",
    "id": "89"
  },
  {
    "title": "1950-е",
    "parentid": "5",
    "id": "88"
  },
  {
    "title": "1940-е",
    "parentid": "5",
    "id": "87"
  },
  {
    "title": "1930-е",
    "parentid": "5",
    "id": "86"
  },
  {
    "title": "1920-е",
    "parentid": "5",
    "id": "85"
  },
  {
    "title": "1910-е",
    "parentid": "5",
    "id": "84"
  },
  {
    "title": "Мужские",
    "parentid": "5",
    "id": "94"
  },
  {
    "title": "Женские",
    "parentid": "5",
    "id": "95"
  },
  {
    "title": "Выбор кинокритиков",
    "parentid": "9999",
    "id": "4"
  },
  {
    "title": "<< Назад",
    "parentid": "4",
    "id": "6666"
  },
  {
    "title": "1001 фильм, который вы должны посмотреть за свою жизнь",
    "parentid": "4",
    "id": "25"
  },
  {
    "title": "100 величайших фильмов XXI века по версии BBC",
    "parentid": "4",
    "id": "293"
  },
  {
    "title": "1000 фильмов, которые нужно посмотреть, прежде чем умереть",
    "parentid": "4",
    "id": "267"
  },
  {
    "title": "501 фильм, который вы должны посмотреть",
    "parentid": "4",
    "id": "32"
  },
  {
    "title": "500 лучших фильмов по версии журнала Empire",
    "parentid": "4",
    "id": "26"
  },
  {
    "title": "500 лучших фильмов ужасов по мнению пользователей сайта IMDb",
    "parentid": "4",
    "id": "181"
  },
  {
    "title": "301 лучший фильм по версии журнала Empire",
    "parentid": "4",
    "id": "284"
  },
  {
    "title": "250 лучших фильмов жанра нуар",
    "parentid": "4",
    "id": "210"
  },
  {
    "title": "105 лучших фильмов мирового кино по версии журнала Empire",
    "parentid": "4",
    "id": "179"
  },
  {
    "title": "100 величайших американских фильмов по версии BBC",
    "parentid": "4",
    "id": "286"
  },
  {
    "title": "100 лучших классических зарубежных фильмов по версии МинКульт РФ",
    "parentid": "4",
    "id": "278"
  },
  {
    "title": "100 лучших фильмов России по версии сайта roskino.com",
    "parentid": "4",
    "id": "188"
  },
  {
    "title": "100 лучших фильмов по версии гильдии кинокритиков России",
    "parentid": "4",
    "id": "213"
  },
  {
    "title": "100 лучших фильмов по мнению журнала Time",
    "parentid": "4",
    "id": "251"
  },
  {
    "title": "100 лучших фильмов по версии Entertainment Weekly",
    "parentid": "4",
    "id": "249"
  },
  {
    "title": "100 важнейших фильмов в истории кино по версии TIFF",
    "parentid": "4",
    "id": "245"
  },
  {
    "title": "100 лучших фильмов 20-го века по мнению Леонарда Малтина",
    "parentid": "4",
    "id": "177"
  },
  {
    "title": "100 лучших фильмов 20-го века по версии издания Village Voice",
    "parentid": "4",
    "id": "263"
  },
  {
    "title": "100 лучших фильмов всех времен по версии сайта Total Film",
    "parentid": "4",
    "id": "231"
  },
  {
    "title": "100 лучших фильмов по версии журнала Cahiers du cinema",
    "parentid": "4",
    "id": "33"
  },
  {
    "title": "100 лучших фильмов по версии Британского института кино",
    "parentid": "4",
    "id": "34"
  },
  {
    "title": "100 лучших фильмов в 10 классических жанрах по версии AFI",
    "parentid": "4",
    "id": "276"
  },
  {
    "title": "100 лучших американских фильмов по версии AFI",
    "parentid": "4",
    "id": "39"
  },
  {
    "title": "100 лучших американских комедий по версии AFI",
    "parentid": "4",
    "id": "40"
  },
  {
    "title": "100 лучших американских мелодрам по версии AFI",
    "parentid": "4",
    "id": "41"
  },
  {
    "title": "100 лучших американских триллеров по версии AFI",
    "parentid": "4",
    "id": "42"
  },
  {
    "title": "100 самых воодушевляющих американских фильмов по версии AFI",
    "parentid": "4",
    "id": "43"
  },
  {
    "title": "100 любимых фильмов Голливуда по версии журнала The Hollywood Reporter",
    "parentid": "4",
    "id": "271"
  },
  {
    "title": "100 лучших экшн-фильмов по версии сайта Time Out",
    "parentid": "4",
    "id": "280"
  },
  {
    "title": "100 лучших анимационных фильмов всех времен по версии OFCS",
    "parentid": "4",
    "id": "37"
  },
  {
    "title": "100 лучших анимационных фильмов по версии сайта Time Out",
    "parentid": "4",
    "id": "269"
  },
  {
    "title": "100 величайших научно-фантастических фильмов по версии ресурса Total Sci-Fi Online",
    "parentid": "4",
    "id": "29"
  },
  {
    "title": "100 лучших фильмов ужасов по мнению деятелей жанра",
    "parentid": "4",
    "id": "243"
  },
  {
    "title": "100 величайших фильмов ужасов по версии Slant Magazine",
    "parentid": "4",
    "id": "259"
  },
  {
    "title": "100 лучших фильмов ужасов по версии сайта Best Horror Movies",
    "parentid": "4",
    "id": "265"
  },
  {
    "title": "100 лучших фильмов по версии журнала Image",
    "parentid": "4",
    "id": "260"
  },
  {
    "title": "100 самых недооцененных фильмов по версии блога Beyond the Canon",
    "parentid": "4",
    "id": "268"
  },
  {
    "title": "100 лучших вестернов по мнению пользователей сайта IMDb",
    "parentid": "4",
    "id": "216"
  },
  {
    "title": "75 лучших анимационных фильмов по версии сайта Total Film",
    "parentid": "4",
    "id": "275"
  },
  {
    "title": "75 лучших фильмов по версии Motion Picture Editors Guild",
    "parentid": "4",
    "id": "285"
  },
  {
    "title": "50 самых влиятельных фильмов по версии сайта totalfilm.com",
    "parentid": "4",
    "id": "274"
  },
  {
    "title": "50 лучших сиквелов по версии сайта Empire Online",
    "parentid": "4",
    "id": "27"
  },
  {
    "title": "50 лучших фильмов мирового кино по версии сайта Time Out",
    "parentid": "4",
    "id": "266"
  },
  {
    "title": "50 фильмов, которые нужно посмотреть, прежде чем умереть",
    "parentid": "4",
    "id": "185"
  },
  {
    "title": "50 лучших анимационных фильмов по версии сайта Time Out",
    "parentid": "4",
    "id": "244"
  },
  {
    "title": "50 документальных фильмов, которые нужно посмотреть",
    "parentid": "4",
    "id": "238"
  },
  {
    "title": "50 самых шокирующих фильмов по версии Complex",
    "parentid": "4",
    "id": "264"
  },
  {
    "title": "25 лучших американских мюзиклов по версии AFI",
    "parentid": "4",
    "id": "219"
  },
  {
    "title": "Самые влиятельные фильмы по версии Общества VFX-специалистов",
    "parentid": "4",
    "id": "279"
  },
  {
    "title": "Рекомендации ВГИКа",
    "parentid": "4",
    "id": "228"
  },
  {
    "title": "Национальный реестр американских фильмов",
    "parentid": "4",
    "id": "214"
  },
  {
    "title": "Ватиканский список лучших фильмов",
    "parentid": "4",
    "id": "247"
  },
  {
    "title": "Лучшие фильмы 21-го века по версии сайта They Shoot Pictures",
    "parentid": "4",
    "id": "183"
  },
  {
    "title": "Лучшие фильмы по версии сайта They Shoot Pictures",
    "parentid": "4",
    "id": "182"
  },
  {
    "title": "Лучшая тысяча из когда-либо существовавших фильмов по версии New York Times",
    "parentid": "4",
    "id": "178"
  },
  {
    "title": "Лучшие фильмы по версии сайта RottenTomatoes.com",
    "parentid": "4",
    "id": "28"
  },
  {
    "title": "Лучшие фильмы всех времен по версии издания Sight & Sound",
    "parentid": "4",
    "id": "98"
  },
  {
    "title": "Лучшие фильмы по мнению Национального общества кинокритиков США",
    "parentid": "4",
    "id": "248"
  },
  {
    "title": "Лучшие фильмы по версии главных режиссеров современности",
    "parentid": "4",
    "id": "233"
  },
  {
    "title": "Лучшие фильмы по мнению кинокритика Роджера Эберта",
    "parentid": "4",
    "id": "24"
  },
  {
    "title": "Лучшие фильмы нулевых по версии издания A.V. Club",
    "parentid": "4",
    "id": "30"
  },
  {
    "title": "Лучшие из культовых фильмов по версии издания A.V. Club",
    "parentid": "4",
    "id": "211"
  },
  {
    "title": "Лучшие фильмы по мнению кинокритика Сергея Кудрявцева",
    "parentid": "4",
    "id": "180"
  },
  {
    "title": "Лучшие киносценарии по версии WGA",
    "parentid": "4",
    "id": "242"
  },
  {
    "title": "Лучшие сценарии в сериалах и программах по версии WGA",
    "parentid": "4",
    "id": "239"
  },
  {
    "title": "Лучшие русские фильмы по версии пользователей LiveJournal",
    "parentid": "4",
    "id": "212"
  },
  {
    "title": "Лучшие фильмы эпохи немого кино",
    "parentid": "4",
    "id": "187"
  },
  {
    "title": "Лучшие документальные фильмы по версии издания Sight & Sound",
    "parentid": "4",
    "id": "272"
  },
  {
    "title": "Лучшие документальные фильмы по версии режиссеров",
    "parentid": "4",
    "id": "273"
  },
  {
    "title": "Любимые фильмы Стэнли Кубрика",
    "parentid": "4",
    "id": "277"
  },
  {
    "title": "Лучшие фильмы, снятые женщинами-кинематографистами",
    "parentid": "4",
    "id": "287"
  },
  {
    "title": "Лучшие спагетти-вестерны",
    "parentid": "4",
    "id": "31"
  },
  {
    "title": "Лучшие фильмы на тему боевых искусств",
    "parentid": "4",
    "id": "215"
  },
  {
    "title": "Лучшие фильмы Китая",
    "parentid": "4",
    "id": "38"
  },
  {
    "title": "Лучшие фильмы Болливуда",
    "parentid": "4",
    "id": "36"
  },
  {
    "title": "Самые скандальные фильмы всех времен по мнению Filmsite",
    "parentid": "4",
    "id": "250"
  },
  {
    "title": "Самые сексуальные фильмы всех времен по версии Filmsite",
    "parentid": "4",
    "id": "246"
  }
]
